{
  "Full": {
    "avg_power_W": {
      "mean": 787.0789577777779,
      "lo": 769.5019282222223,
      "hi": 808.9593987222223,
      "std": 33.58229163272185,
      "_per_seed": [
        860.0217555555556,
        754.4993111111112,
        759.0684222222222,
        769.5103111111112,
        782.0127111111112,
        756.9706444444446,
        821.1792222222223,
        772.0288444444445,
        805.6669333333335,
        789.8314222222223
      ]
    },
    "energy_J_total": {
      "mean": 39353.9478888889,
      "lo": 38479.55185,
      "hi": 40440.06235,
      "std": 1679.114581636091
    },
    "energy_per_slot_J": {
      "mean": 7.87078957777778,
      "lo": 7.686077897777778,
      "hi": 8.093100885555556,
      "std": 0.3358229163272185
    },
    "energy_per_bit_nJ": {
      "mean": 2233.8977972765756,
      "lo": 2174.2459285370405,
      "hi": 2277.7227456911723,
      "std": 90.69124082714137,
      "_per_seed": [
        2321.0575421467784,
        2261.390974152648,
        2205.1044503860026,
        2251.625227140093,
        2325.0274708176353,
        2209.815576409173,
        2002.002201087766,
        2263.1521769274095,
        2265.711341806884,
        2234.091011891365
      ]
    },
    "avg_backlog_bits": {
      "mean": 46032441.66065751,
      "lo": 24972336.884344283,
      "hi": 75814896.9920871,
      "std": 45536215.94051107
    },
    "avg_delay_ms": {
      "mean": 123.76474332550595,
      "lo": 72.9738956763791,
      "hi": 195.1496954176503,
      "std": 108.31197039908002,
      "_per_seed": [
        207.02516870613974,
        54.926709406210826,
        57.97961538594741,
        64.18407243627885,
        101.37537039903476,
        53.923740303912524,
        400.6031934057225,
        62.34552666017886,
        126.83333944684915,
        108.45069710478498
      ]
    },
    "p95_delay_ms": {
      "mean": 639.2933942157393,
      "lo": 259.04337288711184,
      "hi": 1281.5702526862506,
      "std": 950.6666184073608
    },
    "p99_delay_ms": {
      "mean": 1119.4837097951183,
      "lo": 378.2274520990218,
      "hi": 2248.6669980424663,
      "std": 1732.921672366923,
      "_per_seed": [
        1979.3740069980167,
        312.19685011915465,
        263.9831732238779,
        237.9625474902145,
        485.63096825767855,
        271.6133945651275,
        5820.355639259277,
        379.3606959384593,
        871.7469847563399,
        572.6128373430367
      ]
    },
    "cvar_beta": {
      "mean": 391.22389863141876,
      "lo": 230.07990757568007,
      "hi": 590.7973119723256,
      "std": 308.81054806804485,
      "_per_seed": [
        855.5704824026427,
        199.40367141303122,
        174.44131819420966,
        154.8155085624567,
        284.6887540463747,
        165.10974355819104,
        1000.0,
        215.08233293298335,
        565.0047842838161,
        298.1223909204817
      ]
    },
    "viol_rate": {
      "mean": 0.10224,
      "lo": 0.060559000000000016,
      "hi": 0.1458725,
      "std": 0.07484738843510544,
      "_per_seed": [
        0.2326,
        0.053,
        0.0328,
        0.0268,
        0.1364,
        0.0326,
        0.187,
        0.041,
        0.1584,
        0.1218
      ]
    },
    "toggles": {
      "mean": 5026.5,
      "lo": 4829.0,
      "hi": 5200.63,
      "std": 322.81169261488793
    },
    "avg_z": {
      "mean": 75641.76939529763,
      "lo": 55665.877386129534,
      "hi": 106937.4423609549,
      "std": 45574.951012681755
    },
    "delivered_bits": {
      "mean": 17647474692.138313,
      "lo": 17096163634.011171,
      "hi": 18428188247.62048,
      "std": 1141286164.2773044
    },
    "eps_wass_mean": {
      "mean": 2.2586611214628185,
      "lo": 2.2586611214628185,
      "hi": 2.2586611214628185,
      "std": 0.0,
      "_per_seed": [
        2.2586611214628185,
        2.2586611214628185,
        2.2586611214628185,
        2.2586611214628185,
        2.2586611214628185,
        2.2586611214628185,
        2.2586611214628185,
        2.2586611214628185,
        2.2586611214628185,
        2.2586611214628185
      ]
    },
    "sigma_isac": {
      "mean": 8.0,
      "lo": 8.0,
      "hi": 8.0,
      "std": 0.0
    },
    "V": {
      "mean": 10000.0,
      "lo": 10000.0,
      "hi": 10000.0,
      "std": 0.0
    },
    "Gamma": {
      "mean": 150.0,
      "lo": 150.0,
      "hi": 150.0,
      "std": 0.0
    },
    "beta": {
      "mean": 0.9499999999999998,
      "lo": 0.9499999999999998,
      "hi": 0.9499999999999998,
      "std": 1.1702778228589004e-16
    },
    "_n_seeds": 10,
    "_variant": "Full"
  },
  "NoDR": {
    "avg_power_W": {
      "mean": 771.1592177777778,
      "lo": 762.5754984444444,
      "hi": 780.722144888889,
      "std": 15.56383172974454,
      "_per_seed": [
        798.5999777777779,
        743.7313555555556,
        771.8238000000001,
        766.1132222222222,
        761.4697333333334,
        769.4415555555557,
        792.2908000000001,
        765.8201555555556,
        764.9450222222223,
        777.3565555555556
      ]
    },
    "energy_J_total": {
      "mean": 38557.9608888889,
      "lo": 38113.99578611112,
      "hi": 39028.681527777786,
      "std": 778.1915864872278
    },
    "energy_per_slot_J": {
      "mean": 7.711592177777779,
      "lo": 7.616106987777778,
      "hi": 7.810364700000002,
      "std": 0.15563831729744532
    },
    "energy_per_bit_nJ": {
      "mean": 2188.0112286049834,
      "lo": 2125.1850696888087,
      "hi": 2232.942745661139,
      "std": 94.70783995273868,
      "_per_seed": [
        2137.2899370437162,
        2228.8624817419745,
        2245.394894405246,
        2237.983460334336,
        2239.112495254954,
        2245.560419305686,
        1942.877206836963,
        2247.8173373409695,
        2156.542978243002,
        2198.6710755429885
      ]
    },
    "avg_backlog_bits": {
      "mean": 44068773.76456195,
      "lo": 26109469.565492883,
      "hi": 72829293.03995785,
      "std": 42378362.87140087
    },
    "avg_delay_ms": {
      "mean": 119.07836846142447,
      "lo": 76.80331742588601,
      "hi": 183.9878398653111,
      "std": 99.72579795330668,
      "_per_seed": [
        140.4444013231626,
        62.26443787380774,
        137.48122575273285,
        59.13055590176236,
        82.49274277667296,
        73.64555085140226,
        390.39967353918917,
        76.21862566556423,
        66.6918262208572,
        102.0146447090936
      ]
    },
    "p95_delay_ms": {
      "mean": 598.748031023981,
      "lo": 255.3277457540847,
      "hi": 1199.956790684642,
      "std": 912.1259092200415
    },
    "p99_delay_ms": {
      "mean": 1091.5427711960215,
      "lo": 414.7502677870515,
      "hi": 2180.464224299007,
      "std": 1671.4383894090854,
      "_per_seed": [
        1655.3059653040648,
        283.47728683523724,
        679.8035794383785,
        225.24265008745473,
        539.4917002333863,
        325.57220048203726,
        5707.77655897416,
        511.91546345852146,
        493.8334766434091,
        493.0088305035666
      ]
    },
    "cvar_beta": {
      "mean": 373.07079177346293,
      "lo": 240.95935378685024,
      "hi": 551.4352553284908,
      "std": 268.2693480462391,
      "_per_seed": [
        681.9154275790762,
        185.48015483212757,
        417.59418092227855,
        146.12454391328748,
        262.22317245750105,
        207.30483107526834,
        1000.0,
        260.7129861922199,
        248.6445573058999,
        320.70806345697036
      ]
    },
    "viol_rate": {
      "mean": 0.09614,
      "lo": 0.06468850000000002,
      "hi": 0.13168399999999997,
      "std": 0.056625479149309536,
      "_per_seed": [
        0.1414,
        0.0566,
        0.1982,
        0.0154,
        0.0932,
        0.0722,
        0.157,
        0.0566,
        0.052,
        0.1188
      ]
    },
    "toggles": {
      "mean": 5173.0,
      "lo": 5051.495,
      "hi": 5272.415,