{
  "Full": {
    "avg_power_W": {
      "mean": 761.8092777777778,
      "lo": 743.9656610555556,
      "hi": 786.3431282222222,
      "std": 36.4764526135312,
      "_per_seed": [
        850.9355111111112,
        747.2893333333334,
        739.1659777777779,
        740.4875333333334,
        774.3200444444445,
        739.6088888888889,
        749.4551111111113,
        795.4335111111112,
        736.8769333333333,
        744.5199333333335
      ]
    },
    "energy_J_total": {
      "mean": 38090.4638888889,
      "lo": 37209.15329722222,
      "hi": 39328.02855000002,
      "std": 1823.8226306765612
    },
    "energy_per_slot_J": {
      "mean": 7.61809277777778,
      "lo": 7.433728861666668,
      "hi": 7.856082764444444,
      "std": 0.36476452613531224
    },
    "energy_per_bit_nJ": {
      "mean": 2096.5150408919335,
      "lo": 1933.812326432481,
      "hi": 2198.8216368136596,
      "std": 235.96949577794146,
      "_per_seed": [
        1450.307712732345,
        2164.578156661911,
        2188.564339208135,
        2122.9997138583803,
        2118.664239953715,
        2175.0785390423907,
        2187.668873688232,
        2311.3870608445845,
        2062.934671130393,
        2182.967101799248
      ]
    },
    "avg_backlog_bits": {
      "mean": 1168816604.7321362,
      "lo": 13492415.864959298,
      "hi": 3474501124.0674877,
      "std": 3643999281.6499805
    },
    "avg_delay_ms": {
      "mean": 1303.2395821997593,
      "lo": 38.33744643536625,
      "hi": 3819.4116095262775,
      "std": 3971.5397960172327,
      "_per_seed": [
        12606.314799477641,
        39.18137167497867,
        39.79654031386664,
        33.406170484156355,
        69.12478519014059,
        35.97847257551298,
        38.8126144981742,
        91.76393433834808,
        34.624143420066176,
        43.39299002470702
      ]
    },
    "p95_delay_ms": {
      "mean": 3188.1969313367154,
      "lo": 98.30978821849592,
      "hi": 9321.180219244277,
      "std": 9663.948123296967
    },
    "p99_delay_ms": {
      "mean": 3412.83289672643,
      "lo": 240.8924074557843,
      "hi": 9519.345722304204,
      "std": 9604.833487916549,
      "_per_seed": [
        30732.59586362861,
        168.21506511695685,
        287.0269589450705,
        183.93062608484897,
        1238.6152398809893,
        163.751672614841,
        191.004909269313,
        508.7843564054945,
        181.75143747692525,
        472.65283784125177
      ]
    },
    "cvar_beta": {
      "mean": 245.66780284213172,
      "lo": 124.20790252928302,
      "hi": 433.8622397574567,
      "std": 277.60380295014716,
      "_per_seed": [
        1000.0,
        106.27520924524194,
        144.7589598353586,
        91.26951633545309,
        316.24584933065785,
        100.97957191353949,
        107.46626998004484,
        305.41205523803467,
        118.86390790572547,
        165.40668863726125
      ]
    },
    "viol_rate": {
      "mean": 0.06917999999999999,
      "lo": 0.009479500000000002,
      "hi": 0.16812399999999997,
      "std": 0.15181750594417998,
      "_per_seed": [
        0.4912,
        0.0032,
        0.0188,
        0.0074,
        0.0246,
        0.0056,
        0.0026,
        0.1122,
        0.0096,
        0.0166
      ]
    },
    "toggles": {
      "mean": 5350.1,
      "lo": 5134.092500000001,
      "hi": 5525.2,
      "std": 339.2106687263503
    },
    "avg_z": {
      "mean": 69819.74311538058,
      "lo": 50723.72442164941,
      "hi": 101698.00432839019,
      "std": 48924.20759461578
    },
    "delivered_bits": {
      "mean": 18544926044.78244,
      "lo": 17159634867.66819,
      "hi": 21023949934.89021,
      "std": 3815423046.064781
    },
    "eps_wass_mean": {
      "mean": 2.2586611214628185,
      "lo": 2.2586611214628185,
      "hi": 2.2586611214628185,
      "std": 0.0,
      "_per_seed": [
        2.2586611214628185,
        2.2586611214628185,
        2.2586611214628185,
        2.2586611214628185,
        2.2586611214628185,
        2.2586611214628185,
        2.2586611214628185,
        2.2586611214628185,
        2.2586611214628185,
        2.2586611214628185
      ]
    },
    "sigma_isac": {
      "mean": 8.0,
      "lo": 8.0,
      "hi": 8.0,
      "std": 0.0
    },
    "V": {
      "mean": 10000.0,
      "lo": 10000.0,
      "hi": 10000.0,
      "std": 0.0
    },
    "Gamma": {
      "mean": 150.0,
      "lo": 150.0,
      "hi": 150.0,
      "std": 0.0
    },
    "beta": {
      "mean": 0.9499999999999998,
      "lo": 0.9499999999999998,
      "hi": 0.9499999999999998,
      "std": 1.1702778228589004e-16
    },
    "_n_seeds": 10,
    "_variant": "Full"
  },
  "NoDR": {
    "avg_power_W": {
      "mean": 754.8474044444445,
      "lo": 739.7192654444445,
      "hi": 777.4944195555557,
      "std": 33.65744871047901,
      "_per_seed": [
        842.6731777777779,
        732.2822444444445,
        740.5783555555557,
        739.556888888889,
        780.0168000000001,
        737.0743555555557,
        740.467088888889,
        749.1123777777779,
        736.9413555555557,
        749.7714000000001
      ]
    },
    "energy_J_total": {
      "mean": 37742.37022222223,
      "lo": 36977.06790000001,
      "hi": 38840.689269444454,
      "std": 1682.8724355239515
    },
    "energy_per_slot_J": {
      "mean": 7.548474044444445,
      "lo": 7.39003447888889,
      "hi": 7.782800997222224,
      "std": 0.3365744871047902
    },
    "energy_per_bit_nJ": {
      "mean": 2079.0120196597773,
      "lo": 1929.2571491877763,
      "hi": 2166.606624978163,
      "std": 220.52208334125874,
      "_per_seed": [
        1461.8598822051383,
        2120.812615392571,
        2193.7430079978567,
        2120.2093392949864,
        2133.328176833656,
        2167.6635893828857,
        2161.760024235544,
        2168.7667812983836,
        2063.6465293479246,
        2198.330250608828
      ]
    },
    "avg_backlog_bits": {
      "mean": 1125917310.2556264,
      "lo": 12711492.646937532,
      "hi": 3349922476.791965,
      "std": 3514387597.99021
    },
    "avg_delay_ms": {
      "mean": 1253.266762589628,
      "lo": 36.73784925207497,
      "hi": 3678.3844767977735,
      "std": 3831.018858041191,
      "_per_seed": [
        12156.48764465576,
        34.12837433288793,
        38.9618678451309,
        33.12483540350136,
        71.46002076869748,
        40.14536374603282,
        34.379754714607834,
        38.064261035324996,
        35.42321481645024,
        50.49228857788692
      ]
    },
    "p95_delay_ms": {
      "mean": 3025.545858313834,
      "lo": 88.70581023250489,
      "hi": 8882.039784570012,
      "std": 9247.396363354399
    },
    "p99_delay_ms": {
      "mean": 3344.9858555877618,
      "lo": 198.5591737504633,
      "hi": 9384.870180419699,
      "std": 9491.220132004939,
      "_per_seed": [
        30336.958554901397,
        176.6351430885952,
        286.77152139939363,
        146.13685358286972,
        1368.7364960764573,
        405.10655979587756,
        153.33465816265627,
        177.82731243914614,
        179.6189516447273,
        218.73250478649533
      ]
    },
    "cvar_beta": {
      "mean": 225.25045000628597,
      "lo": 108.5683938571297,
      "hi": 416.0598609843561,
      "std": 281.83522186658377,
      "_per_seed": [
        1000.0,
        84.30869486129009,
        141.77978157326785,
        79.23086200644175,
        329.7768363365597,
        162.76541249637467,
        89.49484350916025,
        96.17944883613588,
        127.65507962573727,
        141.31354081789232
      ]
    },
    "viol_rate": {
      "mean": 0.05845999999999999,
      "lo": 0.007159500000000001,
      "hi": 0.15674050000000003,
      "std": 0.15224839499245232,
      "_per_seed": [
        0.4912,
        0.0022,
        0.0176,
        0.0032,
        0.0258,
        0.0174,
        0.0032,
        0.0054,
        0.0072,
        0.0114
      ]
    },
    "toggles": {
      "mean": 5414.0,