{
  "V=300.0": {
    "avg_power_W": {
      "mean": 1375.095866666667,
      "lo": 1375.095866666667,
      "hi": 1375.095866666667,
      "std": 2.396728981215028e-13
    },
    "energy_J_total": {
      "mean": 68754.79333333336,
      "lo": 68754.79333333336,
      "hi": 68754.79333333336,
      "std": 0.0
    },
    "energy_per_slot_J": {
      "mean": 13.750958666666673,
      "lo": 13.750958666666673,
      "hi": 13.750958666666673,
      "std": 0.0
    },
    "energy_per_bit_nJ": {
      "mean": 3799.83884165438,
      "lo": 3444.9276090132316,
      "hi": 4004.8221725672383,
      "std": 525.7710390609698
    },
    "avg_backlog_bits": {
      "mean": 1147997307.867608,
      "lo": 11324304.31780985,
      "hi": 3416484607.4306374,
      "std": 3583931223.4490166
    },
    "avg_delay_ms": {
      "mean": 1277.4459194735603,
      "lo": 32.98934993782309,
      "hi": 3754.227606550059,
      "std": 3906.9992365116277
    },
    "p95_delay_ms": {
      "mean": 3178.6077882076884,
      "lo": 139.2216527283416,
      "hi": 9183.453685309853,
      "std": 9454.966881157108
    },
    "p99_delay_ms": {
      "mean": 3421.8693346867753,
      "lo": 261.288877694417,
      "hi": 9476.466812017816,
      "std": 9512.247528625852
    },
    "cvar_beta": {
      "mean": 292.8286586712889,
      "lo": 159.0044484039694,
      "hi": 481.4914328564916,
      "std": 279.16507325876796
    },
    "viol_rate": {
      "mean": 0.06301999999999999,
      "lo": 0.006997500000000004,
      "hi": 0.162921,
      "std": 0.14974177625350768
    },
    "toggles": {
      "mean": 14.0,
      "lo": 14.0,
      "hi": 14.0,
      "std": 0.0
    },
    "avg_z": {
      "mean": 17478.976635522828,
      "lo": 997.0544124148759,
      "hi": 43480.388079250595,
      "std": 40579.05392099484
    },
    "delivered_bits": {
      "mean": 18575340402.329845,
      "lo": 17176683317.843584,
      "hi": 21094913437.99518,
      "std": 3873994380.8944063
    },
    "eps_wass_mean": {
      "mean": 0.17130802417282154,
      "lo": 0.17130802417282154,
      "hi": 0.17130802417282154,
      "std": 0.0
    },
    "sigma_isac": {
      "mean": 1.0,
      "lo": 1.0,
      "hi": 1.0,
      "std": 0.0
    },
    "V": {
      "mean": 300.0,
      "lo": 300.0,
      "hi": 300.0,
      "std": 0.0
    },
    "Gamma": {
      "mean": 250.0,
      "lo": 250.0,
      "hi": 250.0,
      "std": 0.0
    },
    "beta": {
      "mean": 0.9499999999999998,
      "lo": 0.9499999999999998,
      "hi": 0.9499999999999998,
      "std": 1.1702778228589004e-16
    },
    "_V": 300.0
  },
  "V=1000.0": {
    "avg_power_W": {
      "mean": 1370.271266666667,
      "lo": 1368.722906666667,
      "hi": 1371.617666666667,
      "std": 2.5525328754004435
    },
    "energy_J_total": {
      "mean": 68513.56333333335,
      "lo": 68433.90133333336,
      "hi": 68578.66738333335,
      "std": 127.6266437700235
    },
    "energy_per_slot_J": {
      "mean": 13.702712666666674,
      "lo": 13.686780266666673,
      "hi": 13.717074266666671,
      "std": 0.025525328754004387
    },
    "energy_per_bit_nJ": {
      "mean": 3776.4342668432764,
      "lo": 3404.6371437035405,
      "hi": 3992.0725499286445,
      "std": 555.8204742960104
    },
    "avg_backlog_bits": {
      "mean": 1121145262.646214,
      "lo": 11963319.103281725,
      "hi": 3330981186.2580066,
      "std": 3490639437.0786896
    },
    "avg_delay_ms": {
      "mean": 1252.6398327966951,
      "lo": 34.585613043517505,
      "hi": 3664.7766922965716,
      "std": 3803.587039454584
    },
    "p95_delay_ms": {
      "mean": 3193.097068693746,
      "lo": 137.22965859770383,
      "hi": 9183.765795197047,
      "std": 9399.463212020233
    },
    "p99_delay_ms": {
      "mean": 3489.7495844425457,
      "lo": 304.3416432302572,
      "hi": 9548.066233370333,
      "std": 9484.469616654926
    },
    "cvar_beta": {
      "mean": 311.36535865951,
      "lo": 161.94171105601296,
      "hi": 502.9137633866447,
      "std": 292.2159424353656
    },
    "viol_rate": {
      "mean": 0.06814,
      "lo": 0.005980000000000001,
      "hi": 0.16968449999999988,
      "std": 0.15120055996368972
    },
    "toggles": {
      "mean": 57.0,
      "lo": 44.6,
      "hi": 71.0,
      "std": 22.749847374335406
    },
    "avg_z": {
      "mean": 19965.502224935906,
      "lo": 1801.062891159204,
      "hi": 47899.70576647959,
      "std": 42329.68539324322
    },
    "delivered_bits": {
      "mean": 18710568448.497772,
      "lo": 17176536407.53917,
      "hi": 21501111679.95214,
      "std": 4301196071.407856
    },
    "eps_wass_mean": {
      "mean": 0.17130802417282154,
      "lo": 0.17130802417282154,
      "hi": 0.17130802417282154,
      "std": 0.0
    },
    "sigma_isac": {
      "mean": 1.0,
      "lo": 1.0,
      "hi": 1.0,
      "std": 0.0
    },
    "V": {
      "mean": 1000.0,
      "lo": 1000.0,
      "hi": 1000.0,
      "std": 0.0
    },
    "Gamma": {
      "mean": 250.0,
      "lo": 250.0,
      "hi": 250.0,
      "std": 0.0
    },
    "beta": {
      "mean": 0.9499999999999998,
      "lo": 0.9499999999999998,
      "hi": 0.9499999999999998,
      "std": 1.1702778228589004e-16
    },
    "_V": 1000.0
  },
  "V=3000.0": {
    "avg_power_W": {
      "mean": 1154.687131111111,
      "lo": 1144.5377856666669,
      "hi": 1168.8806237777778,
      "std": 20.67340243525036
    },
    "energy_J_total": {
      "mean": 57734.35655555556,
      "lo": 57209.54869444445,
      "hi": 58430.56819444446,
      "std": 1033.6701217625173
    },
    "energy_per_slot_J": {
      "mean": 11.546871311111113,
      "lo": 11.443810552222226,
      "hi": 11.696843328333335,
      "std": 0.20673402435250363
    },
    "energy_per_bit_nJ": {
      "mean": 3146.1439369593827,
      "lo": 2789.9664839815755,
      "hi": 3348.402471984322,
      "std": 532.5557061232062
    },
    "avg_backlog_bits": {
      "mean": 948682736.610102,
      "lo": 9171771.767559372,
      "hi": 2826273055.0404,
      "std": 2967732360.794677
    },
    "avg_delay_ms": {
      "mean": 1052.6697449789447,
      "lo": 26.381996620915157,
      "hi": 3100.808049255228,
      "std": 3236.285450877318
    },
    "p95_delay_ms": {
      "mean": 3018.53934118784,
      "lo": 84.23303153999568,
      "hi": 8866.055832777447,
      "std": 9236.237523695228
    },
    "p99_delay_ms": {
      "mean": 3391.8692753571813,
      "lo": 199.15653960001973,
      "hi": 9440.154780105593,
      "std": 9489.76789328998
    },
    "cvar_beta": {
      "mean": 230.9538430545308,
      "lo": 116.55099747359766,
      "hi": 415.66208304862005,
      "std": 278.5127347099985
    },
    "viol_rate": {
      "mean": 0.052239999999999995,
      "lo": 0.0013195000000000008,
      "hi": 0.15044,
      "std": 0.1521817860323633
    },
    "toggles": {
      "mean": 614.1,
      "lo": 541.59,
      "hi": 683.91,
      "std": 126.73897059179022
    },
    "avg_z": {
      "mean": 19030.814881695434,
      "lo": 235.62279304740198,
      "hi": 50630.95891767465,
      "std": 47608.93817109118
    },
    "delivered_bits": {
      "mean": 19272180361.413708,
      "lo": 17171181419.738949,
      "hi": 23191310421.91365,
      "std": 6077716034.54452
    },
    "eps_wass_mean": {
      "mean": 0.17130802417282154,
      "lo": 0.17130802417282154,
      "hi": 0.17130802417282154,
      "std": 0.0
    },
    "sigma_isac": {
      "mean": 1.0,
      "lo": 1.0,
      "hi": 1.0,
      "std": 0.0
    },
    "V": {
      "mean": 3000.0,
      "lo": 3000.0,
      "hi": 3000.0,
      "std": 0.0
    },
    "Gamma": {
      "mean": 250.0,
      "lo": 250.0,
      "hi": 250.0,
      "std": 0.0
    },
    "beta": {
      "mean": 0.9499999999999998,
      "lo": 0.9499999999999998,
      "hi": 0.9499999999999998,
      "std": 1.1702778228589004e-16
    },
    "_V": 3000.0
  },
  "V=10000.0": {
    "avg_power_W": {
      "mean": 758.269077777778,
      "lo": 742.8542573333334,
      "hi": 781.6425491111113,
      "std": 35.75010243886553
    },