{
  "AlwaysOn": {
    "avg_power_W": {
      "mean": 1376.6666666666674,
      "lo": 1376.6666666666674,
      "hi": 1376.6666666666674,
      "std": 2.396728981215028e-13
    },
    "energy_J_total": {
      "mean": 68833.33333333336,
      "lo": 68833.33333333336,
      "hi": 68833.33333333336,
      "std": 0.0
    },
    "energy_per_slot_J": {
      "mean": 13.766666666666675,
      "lo": 13.766666666666675,
      "hi": 13.766666666666675,
      "std": 1.8724445165742407e-15
    },
    "energy_per_bit_nJ": {
      "mean": 3771.548163774507,
      "lo": 3349.3233349740217,
      "hi": 4010.292049827396,
      "std": 630.2887498724597
    },
    "avg_backlog_bits": {
      "mean": 1047119398.0314388,
      "lo": 12109820.808158997,
      "hi": 3112730978.9499774,
      "std": 3264257108.8743796
    },
    "avg_delay_ms": {
      "mean": 1167.8219985427693,
      "lo": 35.92850796935483,
      "hi": 3421.83549286456,
      "std": 3557.569601976976
    },
    "p95_delay_ms": {
      "mean": 3144.102838166425,
      "lo": 141.91796748863473,
      "hi": 9083.061927628802,
      "std": 9363.58719535043
    },
    "p99_delay_ms": {
      "mean": 3455.2400656084783,
      "lo": 313.23578434545027,
      "hi": 9487.976392005343,
      "std": 9484.757529581177
    },
    "cvar_beta": {
      "mean": 280.3550058559337,
      "lo": 166.2065609211237,
      "hi": 459.9081088113994,
      "std": 263.9832822201316
    },
    "viol_rate": {
      "mean": 0.06076,
      "lo": 0.005778000000000004,
      "hi": 0.1612225,
      "std": 0.15472472473539725
    },
    "toggles": {
      "mean": 0.0,
      "lo": 0.0,
      "hi": 0.0,
      "std": 0.0
    },
    "avg_z": {
      "mean": 0.0,
      "lo": 0.0,
      "hi": 0.0,
      "std": 0.0
    },
    "delivered_bits": {
      "mean": 19063861717.259808,
      "lo": 17174463646.844025,
      "hi": 22565837041.54882,
      "std": 5421028665.40298
    },
    "eps_wass_mean": {
      "mean": 0.17130802417282154,
      "lo": 0.17130802417282154,
      "hi": 0.17130802417282154,
      "std": 0.0
    },
    "sigma_isac": {
      "mean": 1.0,
      "lo": 1.0,
      "hi": 1.0,
      "std": 0.0
    },
    "V": {
      "mean": 10000.0,
      "lo": 10000.0,
      "hi": 10000.0,
      "std": 0.0
    },
    "Gamma": {
      "mean": 250.0,
      "lo": 250.0,
      "hi": 250.0,
      "std": 0.0
    },
    "beta": {
      "mean": 0.9499999999999998,
      "lo": 0.9499999999999998,
      "hi": 0.9499999999999998,
      "std": 1.1702778228589004e-16
    },
    "_n_seeds": 10
  },
  "Threshold": {
    "avg_power_W": {
      "mean": 894.8308866666669,
      "lo": 885.2751225000002,
      "hi": 908.1241748333334,
      "std": 19.43838982225702
    },
    "energy_J_total": {
      "mean": 44741.54433333334,
      "lo": 44253.563875000014,
      "hi": 45371.78310000001,
      "std": 971.9194911128506
    },
    "energy_per_slot_J": {
      "mean": 8.948308866666668,
      "lo": 8.84977091166667,
      "hi": 9.086690851666669,
      "std": 0.19438389822257024
    },
    "energy_per_bit_nJ": {
      "mean": 2444.2373159842186,
      "lo": 2180.1860261025363,
      "hi": 2599.1351902785677,
      "std": 388.7049638454674
    },
    "avg_backlog_bits": {
      "mean": 1076019697.462639,
      "lo": 17149358.42751182,
      "hi": 3190552037.497675,
      "std": 3341493127.0701485
    },
    "avg_delay_ms": {
      "mean": 1206.5693792471077,
      "lo": 49.21849479956285,
      "hi": 3510.8637849545507,
      "std": 3639.409406200083
    },
    "p95_delay_ms": {
      "mean": 3146.190616773564,
      "lo": 121.75042625650494,
      "hi": 9132.572349303397,
      "std": 9437.658607743302
    },
    "p99_delay_ms": {
      "mean": 3508.346177065254,
      "lo": 341.2555425314257,
      "hi": 9560.862982874509,
      "std": 9458.723159548463
    },
    "cvar_beta": {
      "mean": 288.9804212473433,
      "lo": 165.08587759413794,
      "hi": 469.63188143781855,
      "std": 268.1422282349235
    },
    "viol_rate": {
      "mean": 0.06294000000000001,
      "lo": 0.0065990000000000016,
      "hi": 0.16298399999999996,
      "std": 0.14992626484005026
    },
    "toggles": {
      "mean": 2196.1,
      "lo": 2149.6974999999998,
      "hi": 2232.9125,
      "std": 71.05311002654594
    },
    "avg_z": {
      "mean": 0.0,
      "lo": 0.0,
      "hi": 0.0,
      "std": 0.0
    },
    "delivered_bits": {
      "mean": 19083637541.95048,
      "lo": 17172514383.773428,
      "hi": 22626987341.34359,
      "std": 5488432477.848256
    },
    "eps_wass_mean": {
      "mean": 0.17130802417282154,
      "lo": 0.17130802417282154,
      "hi": 0.17130802417282154,
      "std": 0.0
    },
    "sigma_isac": {
      "mean": 1.0,
      "lo": 1.0,
      "hi": 1.0,
      "std": 0.0
    },
    "V": {
      "mean": 10000.0,
      "lo": 10000.0,
      "hi": 10000.0,
      "std": 0.0
    },
    "Gamma": {
      "mean": 250.0,
      "lo": 250.0,
      "hi": 250.0,
      "std": 0.0
    },
    "beta": {
      "mean": 0.9499999999999998,
      "lo": 0.9499999999999998,
      "hi": 0.9499999999999998,
      "std": 1.1702778228589004e-16
    },
    "_n_seeds": 10
  },
  "NoSensLyap": {
    "avg_power_W": {
      "mean": 769.0028,
      "lo": 759.2775106666668,
      "hi": 781.277162277778,
      "std": 18.991724785998414
    },
    "energy_J_total": {
      "mean": 38450.14000000001,
      "lo": 37943.18351111112,
      "hi": 39045.11846388889,
      "std": 949.5862392999204
    },
    "energy_per_slot_J": {
      "mean": 7.690028000000001,
      "lo": 7.589650571666668,
      "hi": 7.8186336711111135,
      "std": 0.18991724785998404
    },
    "energy_per_bit_nJ": {
      "mean": 2123.0244154045677,
      "lo": 1943.138133948976,
      "hi": 2229.7892531827024,
      "std": 264.40210690925437
    },
    "avg_backlog_bits": {
      "mean": 1146372608.3433528,
      "lo": 18716416.04859125,
      "hi": 3396930227.501275,
      "std": 3556397320.853969
    },
    "avg_delay_ms": {
      "mean": 1287.0318714044417,
      "lo": 54.50918871844059,
      "hi": 3739.9350182355265,
      "std": 3872.917333430091
    },
    "p95_delay_ms": {
      "mean": 3139.153690911993,
      "lo": 189.64256282670647,
      "hi": 8998.053356508302,
      "std": 9238.581395804846
    },
    "p99_delay_ms": {
      "mean": 3597.960917436757,
      "lo": 347.9892538805884,
      "hi": 9639.94116756504,
      "std": 9458.271625496904
    },
    "cvar_beta": {
      "mean": 329.7678202455916,
      "lo": 204.28863406159564,
      "hi": 508.9705402179689,
      "std": 262.82971990486215
    },
    "viol_rate": {
      "mean": 0.06345999999999999,
      "lo": 0.01003350000000001,
      "hi": 0.16112149999999997,
      "std": 0.14944439471292023
    },
    "toggles": {
      "mean": 5381.0,
      "lo": 5273.095,
      "hi": 5473.1125,
      "std": 168.61988811129802
    },
    "avg_z": {
      "mean": 0.0,
      "lo": 0.0,
      "hi": 0.0,
      "std": 0.0
    },
    "delivered_bits": {
      "mean": 18531397693.836674,
      "lo": 17155574955.134523,
      "hi": 20998553403.786156,
      "std": 3786877487.6286817
    },
    "eps_wass_mean": {
      "mean": 0.17130802417282154,
      "lo": 0.17130802417282154,
      "hi": 0.17130802417282154,
      "std": 0.0
    },
    "sigma_isac": {
      "mean": 1.0,
      "lo": 1.0,
      "hi": 1.0,
      "std": 0.0
    },
    "V": {
      "mean": 10000.0,
      "lo": 10000.0,
      "hi": 10000.0,
      "std": 0.0
    },
    "Gamma": {
      "mean": 250.0,
      "lo": 250.0,
      "hi": 250.0,
      "std": 0.0
    },
    "beta": {
      "mean": 0.9499999999999998,
      "lo": 0.9499999999999998,
      "hi": 0.9499999999999998,
      "std": 1.1702778228589004e-16
    },
    "_n_seeds": 10
  },
  "SensLyap": {
    "avg_power_W": {
      "mean": 752.1568044444446,
      "lo": 742.6739189444445,
      "hi": 763.0929833333334,
      "std": 18.03489597928639
    },
    "energy_J_total": {
      "mean": 37607.84022222222,
      "lo": 37140.09388888889,