{
  "sigma=0.5": {
    "avg_power_W": {
      "mean": 754.3401844444446,
      "lo": 740.3241191666666,
      "hi": 776.1705264444446,
      "std": 32.00368810209698
    },
    "energy_J_total": {
      "mean": 37717.00922222224,
      "lo": 37012.87548055556,
      "hi": 38788.92470555556,
      "std": 1600.1844051048497
    },
    "energy_per_slot_J": {
      "mean": 7.543401844444446,
      "lo": 7.400771037222223,
      "hi": 7.763319817222222,
      "std": 0.3200368810209699
    },
    "energy_per_bit_nJ": {
      "mean": 2082.1147243893183,
      "lo": 1939.2923015684169,
      "hi": 2168.501617366096,
      "std": 210.4454328229712
    },
    "avg_backlog_bits": {
      "mean": 1137258966.078564,
      "lo": 14235803.389496641,
      "hi": 3380714544.6489816,
      "std": 3545696152.112756
    },
    "avg_delay_ms": {
      "mean": 1268.0092260369113,
      "lo": 40.798738695909016,
      "hi": 3713.89434614429,
      "std": 3864.3915860004126
    },
    "p95_delay_ms": {
      "mean": 3141.3224665832117,
      "lo": 104.83376629045581,
      "hi": 9157.248350321162,
      "std": 9485.552302271559
    },
    "p99_delay_ms": {
      "mean": 3477.3667630778937,
      "lo": 268.17562932722905,
      "hi": 9582.192643616669,
      "std": 9570.884987786974
    },
    "cvar_beta": {
      "mean": 260.0695085537314,
      "lo": 141.01846317702638,
      "hi": 444.80747529374094,
      "std": 273.08490746700824
    },
    "viol_rate": {
      "mean": 0.05302,
      "lo": 0.0018395000000000009,
      "hi": 0.15090699999999993,
      "std": 0.15194380393933657
    },
    "toggles": {
      "mean": 5427.3,
      "lo": 5237.1725,
      "hi": 5569.5199999999995,
      "std": 294.18892267082765
    },
    "avg_z": {
      "mean": 18089.973909905842,
      "lo": 472.87095093121167,
      "hi": 45685.24597497908,
      "std": 42115.41330889776
    },
    "delivered_bits": {
      "mean": 18421717819.191357,
      "lo": 17169264232.718994,
      "hi": 20646648256.6506,
      "std": 3409606119.6487393
    },
    "eps_wass_mean": {
      "mean": 0.6066167807977572,
      "lo": 0.6066167807977572,
      "hi": 0.6066167807977572,
      "std": 0.0
    },
    "sigma_isac": {
      "mean": 0.5,
      "lo": 0.5,
      "hi": 0.5,
      "std": 0.0
    },
    "V": {
      "mean": 10000.0,
      "lo": 10000.0,
      "hi": 10000.0,
      "std": 0.0
    },
    "Gamma": {
      "mean": 250.0,
      "lo": 250.0,
      "hi": 250.0,
      "std": 0.0
    },
    "beta": {
      "mean": 0.9499999999999998,
      "lo": 0.9499999999999998,
      "hi": 0.9499999999999998,
      "std": 1.1702778228589004e-16
    },
    "_sigma": 0.5
  },
  "sigma=1.0": {
    "avg_power_W": {
      "mean": 757.4062600000001,
      "lo": 742.5450544444445,
      "hi": 780.8138245555555,
      "std": 35.541631786380194
    },
    "energy_J_total": {
      "mean": 37870.31300000001,
      "lo": 37120.68411111111,
      "hi": 39045.19439444445,
      "std": 1777.0815893190088
    },
    "energy_per_slot_J": {
      "mean": 7.5740625999999995,
      "lo": 7.423775281111112,
      "hi": 7.813165538333334,
      "std": 0.35541631786380196
    },
    "energy_per_bit_nJ": {
      "mean": 2079.800872319458,
      "lo": 1918.0279682344415,
      "hi": 2174.5144618960708,
      "std": 235.61336209177196
    },
    "avg_backlog_bits": {
      "mean": 1127380788.758311,
      "lo": 13802897.91155755,
      "hi": 3352732336.4830637,
      "std": 3517590439.4483056
    },
    "avg_delay_ms": {
      "mean": 1255.6298187926204,
      "lo": 39.895552504636285,
      "hi": 3682.1952151096534,
      "std": 3834.240169493554
    },
    "p95_delay_ms": {
      "mean": 3045.9868395525727,
      "lo": 99.63560946123532,
      "hi": 8921.14348484742,
      "std": 9278.005612725707
    },
    "p99_delay_ms": {
      "mean": 3336.3176363773687,
      "lo": 202.29465860351687,
      "hi": 9368.070723036062,
      "std": 9493.717323073042
    },
    "cvar_beta": {
      "mean": 232.85828227526972,
      "lo": 122.08959022187389,
      "hi": 416.51432461807616,
      "std": 275.6882638036851
    },
    "viol_rate": {
      "mean": 0.05292,
      "lo": 0.001199500000000001,
      "hi": 0.15361999999999998,
      "std": 0.15701856082783475
    },
    "toggles": {
      "mean": 5393.5,
      "lo": 5185.77,
      "hi": 5544.402499999999,
      "std": 325.46249143846563
    },
    "avg_z": {
      "mean": 17628.286468780578,
      "lo": 346.38240403356536,
      "hi": 47254.80164521559,
      "std": 45681.58421652667
    },
    "delivered_bits": {
      "mean": 18617101063.45159,
      "lo": 17165105842.764933,
      "hi": 21241820952.432953,
      "std": 4037692861.5200315
    },
    "eps_wass_mean": {
      "mean": 0.6565401208641077,
      "lo": 0.6565401208641077,
      "hi": 0.6565401208641077,
      "std": 0.0
    },
    "sigma_isac": {
      "mean": 1.0,
      "lo": 1.0,
      "hi": 1.0,
      "std": 0.0
    },
    "V": {
      "mean": 10000.0,
      "lo": 10000.0,
      "hi": 10000.0,
      "std": 0.0
    },
    "Gamma": {
      "mean": 250.0,
      "lo": 250.0,
      "hi": 250.0,
      "std": 0.0
    },
    "beta": {
      "mean": 0.9499999999999998,
      "lo": 0.9499999999999998,
      "hi": 0.9499999999999998,
      "std": 1.1702778228589004e-16
    },
    "_sigma": 1.0
  },
  "sigma=2.0": {
    "avg_power_W": {
      "mean": 761.3327266666668,
      "lo": 742.3602778888891,
      "hi": 787.0495891111112,
      "std": 38.68292230094738
    },
    "energy_J_total": {
      "mean": 38066.636333333336,
      "lo": 37100.000755555564,
      "hi": 39325.79586111112,
      "std": 1934.14611504737
    },
    "energy_per_slot_J": {
      "mean": 7.613327266666668,
      "lo": 7.416328797777778,
      "hi": 7.875914112777781,
      "std": 0.3868292230094738
    },
    "energy_per_bit_nJ": {
      "mean": 2092.2129634221915,
      "lo": 1933.8920260355246,
      "hi": 2189.1121737338867,
      "std": 232.52662021270325
    },
    "avg_backlog_bits": {
      "mean": 1135157796.4047976,
      "lo": 14758254.04115223,
      "hi": 3370099407.2016463,
      "std": 3530273525.744578
    },
    "avg_delay_ms": {
      "mean": 1269.9343268226582,
      "lo": 42.29591177494528,
      "hi": 3708.3367528868685,
      "std": 3846.121611182816
    },
    "p95_delay_ms": {
      "mean": 3079.18192231602,
      "lo": 116.2170746000823,
      "hi": 8963.442789223582,
      "std": 9270.70678699331
    },
    "p99_delay_ms": {
      "mean": 3470.4101086264427,
      "lo": 215.69185156674098,
      "hi": 9517.351945384427,
      "std": 9492.596881087713
    },
    "cvar_beta": {
      "mean": 289.036687054995,
      "lo": 134.48835340045167,
      "hi": 498.5147437346947,
      "std": 310.9630122148425
    },
    "viol_rate": {
      "mean": 0.055920000000000004,
      "lo": 0.00262,
      "hi": 0.15509499999999993,
      "std": 0.15167421812702528
    },
    "toggles": {
      "mean": 5371.3,
      "lo": 5138.3875,
      "hi": 5566.8,
      "std": 368.8522890143304
    },
    "avg_z": {
      "mean": 22416.862378747475,
      "lo": 397.5626932338302,
      "hi": 52013.037135366845,
      "std": 49361.25581509449
    },
    "delivered_bits": {
      "mean": 18574464295.905483,
      "lo": 17171625108.908785,
      "hi": 21101028158.094276,
      "std": 3885088145.174738
    },
    "eps_wass_mean": {
      "mean": 0.744375167230842,
      "lo": 0.744375167230842,
      "hi": 0.744375167230842,
      "std": 1.1702778228589004e-16
    },
    "sigma_isac": {
      "mean": 2.0,
      "lo": 2.0,
      "hi": 2.0,
      "std": 0.0
    },
    "V": {
      "mean": 10000.0,
      "lo": 10000.0,
      "hi": 10000.0,
      "std": 0.0
    },
    "Gamma": {
      "mean": 250.0,
      "lo": 250.0,
      "hi": 250.0,
      "std": 0.0
    },
    "beta": {
      "mean": 0.9499999999999998,
      "lo": 0.9499999999999998,
      "hi": 0.9499999999999998,
      "std": 1.1702778228589004e-16
    },
    "_sigma": 2.0
  },