{
  "Gamma=100.0": {
    "avg_power_W": {
      "mean": 757.7303466666667,
      "lo": 742.7755985000001,
      "hi": 779.9118317222222,
      "std": 33.76944594344433
    },
    "energy_J_total": {
      "mean": 37886.51733333334,
      "lo": 37141.08808333334,
      "hi": 38998.12305,
      "std": 1688.4722971722167
    },
    "energy_per_slot_J": {
      "mean": 7.577303466666668,
      "lo": 7.4250371838888904,
      "hi": 7.8068707700000015,
      "std": 0.33769445943444354
    },
    "energy_per_bit_nJ": {
      "mean": 2084.798085538672,
      "lo": 1929.036042101459,
      "hi": 2176.2626068405443,
      "std": 229.76969837987488
    },
    "avg_backlog_bits": {
      "mean": 1101391537.4546134,
      "lo": 13853868.876022859,
      "hi": 3274652795.0624065,
      "std": 3435139086.141206
    },
    "avg_delay_ms": {
      "mean": 1227.3664222119155,
      "lo": 39.970656869289165,
      "hi": 3597.122760063602,
      "std": 3744.1245575487414
    },
    "p95_delay_ms": {
      "mean": 3049.2403192717957,
      "lo": 100.51499703055434,
      "hi": 8928.56917464407,
      "std": 9285.165732417747
    },
    "p99_delay_ms": {
      "mean": 3340.4216828313365,
      "lo": 202.7978516891698,
      "hi": 9379.6864836682,
      "std": 9505.082367116725
    },
    "cvar_beta": {
      "mean": 234.01896149314206,
      "lo": 123.38377222706505,
      "hi": 417.5380435179383,
      "std": 275.3162785747062
    },
    "viol_rate": {
      "mean": 0.08156000000000001,
      "lo": 0.026958500000000003,
      "hi": 0.18072549999999998,
      "std": 0.15170215848460725
    },
    "toggles": {
      "mean": 5391.4,
      "lo": 5192.0625,
      "hi": 5541.5175,
      "std": 313.5595637195587
    },
    "avg_z": {
      "mean": 21183.099389792766,
      "lo": 1936.5656462262207,
      "hi": 53554.337823773356,
      "std": 49550.95885446462
    },
    "delivered_bits": {
      "mean": 18549761541.52487,
      "lo": 17163452585.577063,
      "hi": 21043858606.55968,
      "std": 3831968846.445087
    },
    "eps_wass_mean": {
      "mean": 0.17130802417282154,
      "lo": 0.17130802417282154,
      "hi": 0.17130802417282154,
      "std": 0.0
    },
    "sigma_isac": {
      "mean": 1.0,
      "lo": 1.0,
      "hi": 1.0,
      "std": 0.0
    },
    "V": {
      "mean": 10000.0,
      "lo": 10000.0,
      "hi": 10000.0,
      "std": 0.0
    },
    "Gamma": {
      "mean": 100.0,
      "lo": 100.0,
      "hi": 100.0,
      "std": 0.0
    },
    "beta": {
      "mean": 0.9499999999999998,
      "lo": 0.9499999999999998,
      "hi": 0.9499999999999998,
      "std": 1.1702778228589004e-16
    },
    "_Gamma": 100.0
  },
  "Gamma=150.0": {
    "avg_power_W": {
      "mean": 758.0054088888891,
      "lo": 742.6102269444445,
      "hi": 781.6949941111112,
      "std": 35.85214752924942
    },
    "energy_J_total": {
      "mean": 37900.270444444446,
      "lo": 37128.18358333333,
      "hi": 39081.722375000005,
      "std": 1792.6073764624703
    },
    "energy_per_slot_J": {
      "mean": 7.5800540888888905,
      "lo": 7.423966479444447,
      "hi": 7.821285716111113,
      "std": 0.3585214752924943
    },
    "energy_per_bit_nJ": {
      "mean": 2076.763273284806,
      "lo": 1907.2576499255201,
      "hi": 2176.063453841472,
      "std": 249.00227235207657
    },
    "avg_backlog_bits": {
      "mean": 1103047034.838195,
      "lo": 14055452.247371068,
      "hi": 3279236319.5243073,
      "std": 3439839447.0866604
    },
    "avg_delay_ms": {
      "mean": 1229.453261337152,
      "lo": 40.76359089373021,
      "hi": 3602.64207451629,
      "std": 3749.160869210648
    },
    "p95_delay_ms": {
      "mean": 3054.0383603286014,
      "lo": 105.49731751891687,
      "hi": 8925.448954973317,
      "std": 9262.31320288161
    },
    "p99_delay_ms": {
      "mean": 3340.7506071434136,
      "lo": 203.6776906075916,
      "hi": 9375.722051648254,
      "std": 9498.303166393818
    },
    "cvar_beta": {
      "mean": 240.708488255276,
      "lo": 128.51930134724154,
      "hi": 424.6087134535498,
      "std": 273.68280669397404
    },
    "viol_rate": {
      "mean": 0.06486,
      "lo": 0.009698500000000002,
      "hi": 0.166922,
      "std": 0.15577899016805113
    },
    "toggles": {
      "mean": 5387.4,
      "lo": 5176.585,
      "hi": 5542.0125,
      "std": 329.053930061455
    },
    "avg_z": {
      "mean": 19423.986511432442,
      "lo": 787.6216105741747,
      "hi": 50855.82775818395,
      "std": 48143.42118014668
    },
    "delivered_bits": {
      "mean": 18713764673.70134,
      "lo": 17167432186.062479,
      "hi": 21525346299.14855,
      "std": 4332767241.867493
    },
    "eps_wass_mean": {
      "mean": 0.17130802417282154,
      "lo": 0.17130802417282154,
      "hi": 0.17130802417282154,
      "std": 0.0
    },
    "sigma_isac": {
      "mean": 1.0,
      "lo": 1.0,
      "hi": 1.0,
      "std": 0.0
    },
    "V": {
      "mean": 10000.0,
      "lo": 10000.0,
      "hi": 10000.0,
      "std": 0.0
    },
    "Gamma": {
      "mean": 150.0,
      "lo": 150.0,
      "hi": 150.0,
      "std": 0.0
    },
    "beta": {
      "mean": 0.9499999999999998,
      "lo": 0.9499999999999998,
      "hi": 0.9499999999999998,
      "std": 1.1702778228589004e-16
    },
    "_Gamma": 150.0
  },
  "Gamma=200.0": {
    "avg_power_W": {
      "mean": 757.081477777778,
      "lo": 742.453510277778,
      "hi": 778.7194802222224,
      "std": 32.98007178688048
    },
    "energy_J_total": {
      "mean": 37854.07388888889,
      "lo": 37123.49098333335,
      "hi": 38935.275080555555,
      "std": 1649.0035893440242
    },
    "energy_per_slot_J": {
      "mean": 7.570814777777779,
      "lo": 7.421729291666669,
      "hi": 7.795171925000002,
      "std": 0.32980071786880477
    },
    "energy_per_bit_nJ": {
      "mean": 2086.2201350608557,
      "lo": 1935.9045600404306,
      "hi": 2175.2437124352405,
      "std": 220.67278553950487
    },
    "avg_backlog_bits": {
      "mean": 1126429308.417226,
      "lo": 13797354.732706588,
      "hi": 3349838752.227144,
      "std": 3514471277.8917546
    },
    "avg_delay_ms": {
      "mean": 1254.6400832518073,
      "lo": 39.82628278064741,
      "hi": 3679.0739850158225,
      "std": 3830.815953124358
    },
    "p95_delay_ms": {
      "mean": 3041.2897959754364,
      "lo": 99.5456667089073,
      "hi": 8907.382636016479,
      "std": 9263.540726864454
    },
    "p99_delay_ms": {
      "mean": 3336.242308170099,
      "lo": 202.29465860351687,
      "hi": 9367.844738414253,
      "std": 9493.479272156359
    },
    "cvar_beta": {
      "mean": 232.83469271357882,
      "lo": 122.08905064654327,
      "hi": 416.47018103011004,
      "std": 275.692068970851
    },
    "viol_rate": {
      "mean": 0.05526,
      "lo": 0.003278000000000004,
      "hi": 0.15632050000000003,
      "std": 0.1573974459767375
    },
    "toggles": {
      "mean": 5397.3,
      "lo": 5200.8975,
      "hi": 5545.3175,
      "std": 306.108205269531
    },
    "avg_z": {
      "mean": 18248.19572865293,
      "lo": 444.58929413345084,
      "hi": 48476.74128066174,
      "std": 46514.58168001106
    },
    "delivered_bits": {
      "mean": 18486246499.005016,
      "lo": 17166536855.870525,
      "hi": 20844405187.372456,
      "std": 3619956740.5248847
    },
    "eps_wass_mean": {
      "mean": 0.17130802417282154,
      "lo": 0.17130802417282154,
      "hi": 0.17130802417282154,
      "std": 0.0
    },
    "sigma_isac": {
      "mean": 1.0,
      "lo": 1.0,
      "hi": 1.0,
      "std": 0.0
    },
    "V": {
      "mean": 10000.0,
      "lo": 10000.0,
      "hi": 10000.0,
      "std": 0.0
    },
    "Gamma": {
      "mean": 200.0,
      "lo": 200.0,
      "hi": 200.0,
      "std": 0.0
    },
    "beta": {
      "mean": 0.9499999999999998,
      "lo": 0.9499999999999998,
      "hi": 0.9499999999999998,
      "std": 1.1702778228589004e-16
    },
    "_Gamma": 200.0
  },
  "Gamma=250.0": {
    "avg_power_W": {
      "mean": 758.269077777778,