{
  "Full": {
    "avg_power_W": {
      "mean": 758.269077777778,
      "lo": 742.8542573333334,
      "hi": 781.6425491111113,
      "std": 35.75010243886553
    },
    "energy_J_total": {
      "mean": 37913.45388888889,
      "lo": 37138.62296111112,
      "hi": 39082.23763333334,
      "std": 1787.5051219432762
    },
    "energy_per_slot_J": {
      "mean": 7.582690777777778,
      "lo": 7.425110767222223,
      "hi": 7.824442236111112,
      "std": 0.3575010243886554
    },
    "energy_per_bit_nJ": {
      "mean": 2082.102959350103,
      "lo": 1922.0244212110263,
      "hi": 2175.550824573326,
      "std": 235.7531604620942
    },
    "avg_backlog_bits": {
      "mean": 1127510458.349188,
      "lo": 13824077.381283712,
      "hi": 3352924358.487324,
      "std": 3517545159.030405
    },
    "avg_delay_ms": {
      "mean": 1255.984252795567,
      "lo": 39.94974770274394,
      "hi": 3682.7538712365276,
      "std": 3834.117345500157
    },
    "p95_delay_ms": {
      "mean": 3047.529220280578,
      "lo": 101.4512129406561,
      "hi": 8922.335487176671,
      "std": 9277.463650864333
    },
    "p99_delay_ms": {
      "mean": 3336.3176363773687,
      "lo": 202.29465860351687,
      "hi": 9368.070723036062,
      "std": 9493.717323073042
    },
    "cvar_beta": {
      "mean": 234.26046550224424,
      "lo": 122.37502958221536,
      "hi": 419.2615137999508,
      "std": 276.0628153555773
    },
    "viol_rate": {
      "mean": 0.05292,
      "lo": 0.001199500000000001,
      "hi": 0.15361999999999998,
      "std": 0.15701856082783475
    },
    "toggles": {
      "mean": 5385.3,
      "lo": 5170.485,
      "hi": 5541.5425,
      "std": 330.9699717832755
    },
    "avg_z": {
      "mean": 17527.701930997086,
      "lo": 328.2704547248448,
      "hi": 47050.60809510026,
      "std": 45551.09031112866
    },
    "delivered_bits": {
      "mean": 18617604527.36683,
      "lo": 17165118429.362814,
      "hi": 21242815293.66553,
      "std": 4037646397.4778275
    },
    "eps_wass_mean": {
      "mean": 0.17130802417282154,
      "lo": 0.17130802417282154,
      "hi": 0.17130802417282154,
      "std": 0.0
    },
    "sigma_isac": {
      "mean": 1.0,
      "lo": 1.0,
      "hi": 1.0,
      "std": 0.0
    },
    "V": {
      "mean": 10000.0,
      "lo": 10000.0,
      "hi": 10000.0,
      "std": 0.0
    },
    "Gamma": {
      "mean": 250.0,
      "lo": 250.0,
      "hi": 250.0,
      "std": 0.0
    },
    "beta": {
      "mean": 0.9499999999999998,
      "lo": 0.9499999999999998,
      "hi": 0.9499999999999998,
      "std": 1.1702778228589004e-16
    },
    "_variant": "Full"
  },
  "NoDR": {
    "avg_power_W": {
      "mean": 758.980037777778,
      "lo": 743.0098882777778,
      "hi": 782.5650972777779,
      "std": 36.07531150313133
    },
    "energy_J_total": {
      "mean": 37949.001888888895,
      "lo": 37146.603925,
      "hi": 39121.6974138889,
      "std": 1803.7655751565658
    },
    "energy_per_slot_J": {
      "mean": 7.589800377777777,
      "lo": 7.425593916666668,
      "hi": 7.837298617222221,
      "std": 0.36075311503131313
    },
    "energy_per_bit_nJ": {
      "mean": 2084.036552894202,
      "lo": 1924.1050187982567,
      "hi": 2176.8419262035304,
      "std": 236.0484398335153
    },
    "avg_backlog_bits": {
      "mean": 1127827850.1175756,
      "lo": 13840115.429668674,
      "hi": 3353377264.278087,
      "std": 3517415311.5072465
    },
    "avg_delay_ms": {
      "mean": 1256.860781227772,
      "lo": 39.95921283604279,
      "hi": 3683.799822060584,
      "std": 3833.7940234668295
    },
    "p95_delay_ms": {
      "mean": 3056.1084596927967,
      "lo": 105.93781620553418,
      "hi": 8932.795231872442,
      "std": 9274.448108483255
    },
    "p99_delay_ms": {
      "mean": 3336.3176363773687,
      "lo": 202.29465860351687,
      "hi": 9368.070723036062,
      "std": 9493.717323073042
    },
    "cvar_beta": {
      "mean": 239.85394095592528,
      "lo": 122.37502958221536,
      "hi": 429.39306079007105,
      "std": 278.2559373346771
    },
    "viol_rate": {
      "mean": 0.053700000000000005,
      "lo": 0.001199500000000001,
      "hi": 0.1546605,
      "std": 0.15682520347330794
    },
    "toggles": {
      "mean": 5378.3,
      "lo": 5158.1425,
      "hi": 5541.445,
      "std": 337.1814710870757
    },
    "avg_z": {
      "mean": 17500.293366176684,
      "lo": 322.27328413055943,
      "hi": 46987.38400697343,
      "std": 45507.386684504614
    },
    "delivered_bits": {
      "mean": 18617706860.928608,
      "lo": 17165120679.37168,
      "hi": 21243030043.9874,
      "std": 4037676941.0166125
    },
    "eps_wass_mean": {
      "mean": 0.17130802417282154,
      "lo": 0.17130802417282154,
      "hi": 0.17130802417282154,
      "std": 0.0
    },
    "sigma_isac": {
      "mean": 1.0,
      "lo": 1.0,
      "hi": 1.0,
      "std": 0.0
    },
    "V": {
      "mean": 10000.0,
      "lo": 10000.0,
      "hi": 10000.0,
      "std": 0.0
    },
    "Gamma": {
      "mean": 250.0,
      "lo": 250.0,
      "hi": 250.0,
      "std": 0.0
    },
    "beta": {
      "mean": 0.9499999999999998,
      "lo": 0.9499999999999998,
      "hi": 0.9499999999999998,
      "std": 1.1702778228589004e-16
    },
    "_variant": "NoDR"
  },
  "NoVirtQ": {
    "avg_power_W": {
      "mean": 752.1568044444446,
      "lo": 742.6739189444445,
      "hi": 763.0929833333334,
      "std": 18.03489597928639
    },
    "energy_J_total": {
      "mean": 37607.84022222222,
      "lo": 37140.09388888889,
      "hi": 38177.44663055556,
      "std": 901.7447989643207
    },
    "energy_per_slot_J": {
      "mean": 7.521568044444446,
      "lo": 7.423692953333336,
      "hi": 7.637796816111112,
      "std": 0.180348959792864
    },
    "energy_per_bit_nJ": {
      "mean": 2070.705972232173,
      "lo": 1884.6441268017522,
      "hi": 2179.2070431023244,
      "std": 274.5658198991045
    },
    "avg_backlog_bits": {
      "mean": 1071325051.511287,
      "lo": 13983024.154128958,
      "hi": 3184015618.215028,
      "std": 3339392230.1039677
    },
    "avg_delay_ms": {
      "mean": 1194.855131171435,
      "lo": 40.47394139477368,
      "hi": 3498.406753580941,
      "std": 3639.4122067123876
    },
    "p95_delay_ms": {
      "mean": 3012.8176440649186,
      "lo": 104.53036425109082,
      "hi": 8812.153958600735,
      "std": 9160.266077495233
    },
    "p99_delay_ms": {
      "mean": 3333.5516108245624,
      "lo": 203.690477419694,
      "hi": 9366.58058510773,
      "std": 9496.440346535172
    },
    "cvar_beta": {
      "mean": 233.61583509310736,
      "lo": 121.87470722482257,
      "hi": 419.1840369761325,
      "std": 275.99238659481375
    },
    "viol_rate": {
      "mean": 0.05289999999999999,
      "lo": 0.0012195000000000007,
      "hi": 0.15358,
      "std": 0.15702326083878287
    },
    "toggles": {
      "mean": 5451.4,
      "lo": 5341.9,
      "hi": 5550.0025,
      "std": 180.17658005412355
    },
    "avg_z": {
      "mean": 0.0,
      "lo": 0.0,
      "hi": 0.0,
      "std": 0.0
    },
    "delivered_bits": {
      "mean": 18650945897.223553,
      "lo": 17168659346.635477,
      "hi": 21333939115.206566,
      "std": 4129902343.244771
    },
    "eps_wass_mean": {
      "mean": 0.17130802417282154,
      "lo": 0.17130802417282154,
      "hi": 0.17130802417282154,
      "std": 0.0
    },
    "sigma_isac": {
      "mean": 1.0,
      "lo": 1.0,
      "hi": 1.0,
      "std": 0.0
    },
    "V": {
      "mean": 10000.0,
      "lo": 10000.0,
      "hi": 10000.0,
      "std": 0.0
    },
    "Gamma": {
      "mean": 250.0,
      "lo": 250.0,
      "hi": 250.0,
      "std": 0.0
    },
    "beta": {
      "mean": 0.9499999999999998,
      "lo": 0.9499999999999998,
      "hi": 0.9499999999999998,
      "std": 1.1702778228589004e-16
    },
    "_variant": "NoVirtQ"
  },
  "NoSensing": {
    "avg_power_W": {
      "mean": 776.1733955555557,
      "lo": 759.1960475555558,
      "hi": 800.7773179444446,